name_clean,year_lookup,genre_primary
elden ring,2022,Adventure
hades,2019,Adventure
the legend of zelda: breath of the wild,2017,Adventure
undertale,2015,Adventure
hollow knight,2017,Adventure
minecraft,2011,Adventure
omori,2020,Adventure
metroid dread,2021,Adventure
among us,2018,Indie
nier: automata,2017,Brawler
persona 5 royal,2019,Adventure
stray,2022,Adventure
god of war,2018,Adventure
portal 2,2011,Adventure
bloodborne,2015,Adventure
celeste,2018,Adventure
yakuza 0,2015,Adventure
red dead redemption 2,2018,Adventure
portal,2007,Platform
super mario odyssey,2017,Adventure
pokémon legends: arceus,2022,Adventure
hi-fi rush,2023,Adventure
metal gear rising: revengeance,2013,Adventure
grand theft auto v,2013,Adventure
cyberpunk 2077,2020,Adventure
god of war ragnarök,2022,Adventure
xenoblade chronicles 3,2022,Adventure
kirby and the forgotten land,2022,Adventure
disco elysium: the final cut,2020,Adventure
marvel's spider-man,2018,Adventure
dark souls iii,2016,Adventure
nier replicant ver.1.22474487139...,2021,Adventure
super mario 64,1996,Adventure
super smash bros. ultimate,2018,Fighting
cuphead,2017,Arcade
sekiro: shadows die twice,2019,Adventure
final fantasy vii,1997,Adventure
persona 4 golden,2012,Adventure
genshin impact,2020,Adventure
signalis,2022,Adventure
resident evil village,2021,Adventure
super mario galaxy,2007,Adventure
fallout: new vegas,2010,RPG
outer wilds,2019,Adventure
resident evil 2,2019,Adventure
doom,2016,Shooter
shin megami tensei v,2021,Adventure
bayonetta,2009,Brawler
stardew valley,2016,Indie
the last of us part ii,2020,Adventure
silent hill 2,2001,Adventure
the witcher 3: wild hunt,2015,Adventure
persona 5,2016,Adventure
doom eternal,2020,Shooter
the elder scrolls v: skyrim,2011,Adventure
neon white,2022,Indie
devil may cry 5,2019,Adventure
overwatch 2,2022,Shooter
resident evil 4,2005,Shooter
final fantasy vii remake,2020,Adventure
sonic frontiers,2022,Adventure
inscryption,2021,Adventure
tunic,2022,Adventure
dark souls,2011,Adventure
the legend of zelda: ocarina of time,1998,Adventure
deltarune: chapter 2,2021,Adventure
chrono trigger,1995,Adventure
metal gear solid 2: sons of liberty,2001,Adventure
super mario world,1990,Adventure
death stranding,2019,Adventure
marvel's spider-man: miles morales,2020,Adventure
dark souls: remastered,2018,Adventure
earthbound,1994,Adventure
castlevania: symphony of the night,1997,Adventure
super metroid,1994,Adventure
super mario bros.,1985,Adventure
the legend of zelda: majora's mask,2000,Adventure
star wars jedi: fallen order,2019,Adventure
the last of us,2013,Adventure
terraria,2011,Adventure
resident evil 7: biohazard,2017,Adventure
metal gear solid v: the phantom pain,2015,Adventure
overwatch,2016,Shooter
half-life 2,2004,Shooter
fire emblem: three houses,2019,Adventure
grand theft auto: san andreas,2004,Adventure
13 sentinels: aegis rim,2019,Adventure
persona 3 fes,2007,RPG
devil may cry,2001,Brawler
mario kart 8 deluxe,2017,Arcade
fire emblem engage,2023,Adventure
pokémon violet,2022,Adventure
hotline miami,2012,Arcade
pizza tower,2023,Indie
psychonauts 2,2021,Adventure
metroid prime remastered,2023,Adventure
halo infinite,2021,Adventure
batman: arkham asylum,2009,Adventure
super mario sunshine,2002,Adventure
mother 3,2006,RPG
multiversus,2022,Fighting
xenoblade chronicles: definitive edition,2020,RPG
half-life,1998,Adventure
marvel's guardians of the galaxy,2021,Adventure
danganronpa: trigger happy havoc,2010,Adventure
cult of the lamb,2022,Adventure
sonic mania,2017,Adventure
horizon zero dawn,2017,Adventure
left 4 dead 2,2009,Shooter
league of legends,2009,MOBA
control,2019,Adventure
doki doki literature club!,2017,Adventure
batman: arkham city,2011,Adventure
yakuza kiwami,2016,Adventure
phoenix wright: ace attorney,2005,Adventure
team fortress 2,2007,Shooter
xenoblade chronicles 2,2017,Adventure
splatoon 3,2022,Platform
chrome dino,2014,Arcade
katana zero,2019,Adventure
life is strange,2015,Adventure
dark souls ii: scholar of the first sin,2015,Adventure
deathloop,2021,Adventure
shadow of the colossus,2005,Adventure
teenage mutant ninja turtles: shredder's revenge,2022,Arcade
sifu,2022,Brawler
super mario bros. 3,1988,Platform
dishonored,2012,Adventure
metal gear solid 3: snake eater,2004,Adventure
journey,2012,Adventure
kingdom hearts,2002,Adventure
titanfall 2,2016,Adventure
doom,1993,Shooter
live a live,2022,RPG
the last of us remastered,2014,Adventure
sonic the hedgehog,1991,Platform
rocket league,2015,Indie
batman: arkham knight,2015,Adventure
bayonetta 3,2022,Brawler
disco elysium,2019,Adventure
guilty gear: strive,2021,Fighting
wii sports,2006,Simulator
hogwarts legacy,2023,Adventure
mario kart wii,2008,Racing
resident evil 3,2020,Adventure
unpacking,2021,Indie
red dead redemption,2010,Adventure
tales of arise,2021,Adventure
deltarune: chapter 1,2018,Adventure
dead space,2023,Adventure
tomb raider,2013,Adventure
super mario galaxy 2,2010,Adventure
donkey kong country,1994,Adventure
what remains of edith finch,2017,Adventure
monster hunter rise,2021,Adventure
pokémon emerald,2004,Adventure
neo: the world ends with you,2021,Brawler
assassin's creed ii,2009,Adventure
pokémon scarlet,2022,Adventure
dead space,2008,Shooter
new super mario bros.,2006,Adventure
shadow of the colossus,2018,Adventure
horizon forbidden west,2022,Adventure
god of war,2005,Adventure
detroit: become human,2018,Adventure
final fantasy xv,2016,Adventure
persona 5 strikers,2020,Adventure
limbo,2010,Adventure
pokémon platinum,2008,Adventure
stranger of paradise: final fantasy origin,2022,Adventure
killer7,2005,Adventure
grand theft auto iv,2008,Adventure
metroid: zero mission,2004,Adventure
final fantasy x,2001,Adventure
danganronpa 2: goodbye despair,2012,Adventure
final fantasy ix,2000,RPG
halo 3,2007,Shooter
metroid fusion,2002,Adventure
final fantasy vi,1994,Adventure
va-11 hall-a: cyberpunk bartender action,2016,Adventure
dead cells,2018,Adventure
far cry 3,2012,Adventure
the stanley parable: ultra deluxe,2022,Adventure
superhot,2016,Fighting
plants vs. zombies,2009,Puzzle
ori and the blind forest,2015,Adventure
demon's souls,2020,Adventure
a plague tale: innocence,2019,Adventure
the legend of zelda: link's awakening,2019,Adventure
assassin's creed,2007,Adventure
judgment,2018,Adventure
call of duty: black ops,2010,Shooter
ratchet & clank: rift apart,2021,Adventure
pokémon black,2010,Adventure
the stanley parable,2013,Adventure
the legend of zelda,1986,Adventure
ai: the somnium files - nirvana initiative,2022,Adventure
ghost trick: phantom detective,2010,Adventure
dragon quest xi s: echoes of an elusive age - definitive edition,2019,Adventure
paper mario: the thousand-year door,2004,Adventure
god of war ii,2007,Adventure
mass effect 2,2010,Adventure
forza horizon 5,2021,Racing
metal gear solid v: ground zeroes,2014,Adventure
no more heroes iii,2021,Brawler
banjo-kazooie,1998,Adventure
astro's playroom,2020,Adventure
call of duty: black ops ii,2012,Shooter
the legend of zelda: skyward sword hd,2021,Adventure
mega man x,1993,Adventure
subnautica,2018,Adventure
returnal,2021,Shooter
new super mario bros. wii,2009,Adventure
citizen sleeper,2022,Adventure
yakuza 3 remastered,2018,Adventure
garry's mod,2004,Indie
wolfenstein: the new order,2014,Adventure
deus ex,2000,RPG
bioshock 2,2010,Adventure
soul hackers 2,2022,RPG
enter the gungeon,2016,Adventure
the house in fata morgana,2012,Adventure
shovel knight,2014,Adventure
firewatch,2016,Adventure
dark souls ii,2014,Adventure
blasphemous,2019,Adventure
final fantasy xiv online,2013,Adventure
immortality,2022,Indie
resident evil 6,2012,Adventure
devil may cry 3: dante's awakening,2005,Adventure
the last of us part i,2022,Adventure
super meat boy,2010,Adventure
mass effect legendary edition,2021,Adventure
helltaker,2020,Adventure
pokémon sword,2019,Adventure
crash bandicoot n. sane trilogy,2017,Adventure
tetris,1989,Arcade
valorant,2020,Shooter
super mario 3d world,2013,Adventure
uncharted 3: drake's deception,2011,Adventure
phoenix wright: ace attorney - trials and tribulations,2006,Adventure
yume nikki,2004,Adventure
max payne,2001,Shooter
five nights at freddy's,2014,Adventure
donkey kong country 2: diddy's kong quest,1995,Adventure
pokémon white,2010,Adventure
outlast,2013,Adventure
hitman 3,2021,Adventure
sable,2021,Adventure
super smash bros. for wii u,2014,Fighting
kirby's adventure,1993,Platform
tekken 7,2015,Fighting
umineko: when they cry chiru,2009,Adventure
kingdom hearts ii final mix,2007,Adventure
superliminal,2019,Adventure
death stranding: director's cut,2021,Adventure
persona 4,2008,RPG
wordle,2021,Puzzle
the sims 4,2014,RPG
far cry 4,2014,Adventure
sonic forces,2017,Adventure
to the moon,2011,Adventure
baba is you,2019,Indie
the witcher 3: wild hunt - game of the year edition,2016,Adventure
super smash bros.,1999,Fighting
super mario 64 ds,2004,Adventure
halo 4,2012,Shooter
middle-earth: shadow of mordor,2014,Adventure
mega man 2,1989,Adventure
phoenix wright: ace attorney trilogy,2014,Adventure
infamous: second son,2014,Adventure
star wars: knights of the old republic,2003,Adventure
no more heroes 2: desperate struggle,2010,Adventure
kirby super star ultra,2008,Adventure
"flower, sun, and rain",2001,Adventure
katamari damacy,2004,Adventure
shadow the hedgehog,2005,Adventure
ōkami hd,2012,Adventure
metroid: samus returns,2017,Adventure
life is strange: true colors,2021,Adventure
pokémon black version 2,2012,Adventure
needy streamer overload,2022,Adventure
borderlands,2009,RPG
hollow knight: voidheart edition,2018,Adventure
klonoa: door to phantomile,1997,Platform
shadow of the tomb raider,2018,Adventure
mario & luigi: bowser's inside story,2009,Platform
ghostrunner,2020,Adventure
watch dogs 2,2016,Adventure
mass effect 3,2012,Adventure
goat simulator,2014,Adventure
the elder scrolls v: skyrim - special edition,2016,Adventure
far cry 5,2018,Adventure
call of duty: modern warfare 3,2011,Adventure
friday night funkin',2020,Music
osu!,2007,Indie
the legend of zelda: twilight princess,2006,Adventure
bloodborne: the old hunters,2015,Adventure
fire emblem warriors: three hopes,2022,Brawler
super smash bros. for nintendo 3ds,2014,Fighting
the legend of heroes: trails to azure,2011,Adventure
super mario rpg: legend of the seven stars,1996,Adventure
astral chain,2019,Adventure
dmc: devil may cry,2013,Adventure
dragon age: origins,2009,RPG
vagrant story,2000,Adventure
amnesia: the dark descent,2010,Adventure
monster hunter rise: sunbreak,2022,Brawler
super mario maker 2,2019,Platform
fire emblem: the blazing blade,2003,RPG
lego marvel super heroes,2013,Adventure
sonic colors,2010,Adventure
pokémon moon,2016,Adventure
zelda ii: the adventure of link,1987,Adventure
battlefield 4,2013,Shooter
dragon ball z: budokai tenkaichi 3,2007,Fighting
warioware: get it together!,2021,Arcade
beyond: two souls,2013,Adventure
digimon survive,2022,Adventure
spiritfarer,2020,Adventure
little nightmares ii,2021,Adventure
the evil within 2,2017,Adventure
bloons td 6,2018,Strategy
sayonara wild hearts,2019,Adventure
metro 2033 redux,2014,Adventure
melty blood: type lumina,2021,Fighting
vampire survivors,2021,Arcade
psychonauts,2005,Adventure
fallout 4,2015,RPG
uncharted 4: a thief's end,2016,Adventure
the legend of zelda: a link to the past,1991,Adventure
silent hill,1999,Adventure
super smash bros. brawl,2008,Fighting
borderlands 2,2012,RPG
no more heroes,2007,Adventure
ghost of tsushima,2020,Adventure
sonic the hedgehog 3 & knuckles,1994,Platform
resident evil 2,1998,Adventure
full metal daemon muramasa,2009,Adventure
soma,2015,Adventure
the binding of isaac: rebirth,2014,Adventure
luigi's mansion 3,2019,Adventure
katamari damacy reroll,2018,Adventure
mario kart 7,2011,Racing
castle crashers,2008,Adventure
rain world,2017,Adventure
mario party superstars,2021,Card & Board Game
bully,2006,Adventure
mario kart 64,1996,Racing
octopath traveler ii,2023,RPG
norco,2022,Adventure
resident evil,2002,Adventure
assassin's creed odyssey,2018,Adventure
transistor,2014,Adventure
the evil within,2014,Adventure
metal: hellsinger,2022,Adventure
halo: the master chief collection,2014,Shooter
pokémon crystal,2000,Adventure
uncharted: the lost legacy,2017,Adventure
resident evil 3: nemesis,1999,Adventure
sea of thieves,2018,Adventure
f.e.a.r.,2005,Shooter
mafia: definitive edition,2020,Adventure
nier,2010,Adventure
the walking dead: season two,2013,Adventure
forspoken,2023,Adventure
max payne 2: the fall of max payne,2003,Shooter
shin megami tensei: devil summoner - soul hackers,1997,Adventure
dusk,2018,Adventure
the elder scrolls iii: morrowind,2002,Adventure
rollerdrome,2022,Adventure
final fantasy xvi,2023,RPG
pokémon sun,2016,Adventure
yu-gi-oh! master duel,2022,Card & Board Game
injustice: gods among us,2013,Adventure
pac-man,1980,Arcade
final fantasy x/x-2 hd remaster,2013,RPG
mortal kombat x,2015,Fighting
shin megami tensei: digital devil saga,2004,RPG
star wars: the force unleashed,2008,Adventure
shovel knight: treasure trove,2019,Adventure
ghost of tsushima: director's cut,2021,Adventure
donkey kong country returns,2010,Adventure
street fighter iii: 3rd strike,1999,Arcade
return to monkey island,2022,Adventure
deus ex: human revolution,2011,RPG
spyro reignited trilogy,2018,Adventure
chicory: a colorful tale,2021,Adventure
sin and punishment,2000,Shooter
outer wilds: echoes of the eye,2021,Adventure
new super mario bros. 2,2012,Adventure
wolfenstein ii: the new colossus,2017,Adventure
pokã©mon diamond,2006,Adventure
into the breach,2018,Card & Board Game
marvel snap,2022,Card & Board Game
nier: automata - game of the yorha edition,2019,Adventure
five nights at freddy's 2,2014,Adventure
mortal kombat 11,2019,Fighting
witch on the holy night,2022,Adventure
dying light 2: stay human,2022,Adventure
asura's wrath,2012,Brawler
tales of berseria,2016,RPG
ender lilies: quietus of the knights,2021,Adventure
moon: remix rpg adventure,1997,Adventure
prince of persia: the sands of time,2003,Adventure
assassin's creed syndicate,2015,Adventure
sunset overdrive,2014,Adventure
metal gear solid: peace walker,2010,Shooter
code vein,2019,Adventure
mario strikers: battle league,2022,Sport
limbus company,2023,Adventure
resident evil village: winters' expansion,2022,Shooter
tony hawk's pro skater 1+2,2020,Simulator
need for speed: unbound,2022,Racing
zero escape: zero time dilemma,2016,Adventure
deus ex: mankind divided,2016,Adventure
guitar hero iii: legends of rock,2007,Music
sid meier's civilization vi,2016,Simulator
nioh 2,2020,Adventure
gears of war,2006,Shooter
final fantasy tactics,1997,RPG
tekken 3,1997,Fighting
far cry 6,2021,Adventure
horizon zero dawn: complete edition,2017,Adventure
persona 4 golden,2020,Adventure
xenosaga episode i: der wille zur macht,2002,Adventure
everhood,2021,Adventure
don't starve together,2016,Adventure
south park: the fractured but whole,2017,Adventure
god of war iii: remastered,2015,Adventure
pokémon ruby,2002,Adventure
fire emblem: the sacred stones,2004,RPG
library of ruina,2021,Indie
uncharted: the nathan drake collection,2015,Adventure
persona 3 portable,2023,Adventure
pyre,2017,Adventure
paladins,2017,Shooter
dead space 3,2013,Adventure
devil may cry hd collection,2012,Brawler
bayonetta origins: cereza and the lost demon,2023,Adventure
armored core,1997,Shooter
persona 4 arena ultimax,2013,Fighting
wanted: dead,2023,Adventure
luigi's mansion: dark moon,2013,Adventure
gorogoa,2017,Adventure
valkyrie elysium,2022,Brawler
castlevania: order of ecclesia,2008,Adventure
deadly premonition,2010,Adventure
lego batman 2: dc super heroes,2012,Adventure
lunistice,2022,Adventure
sonic advance,2001,Platform
metal slug,1996,Arcade
just cause 3,2015,Adventure
suikoden ii,1998,RPG
littlebigplanet,2008,Platform
earthbound beginnings,2015,Adventure
wario land 3,2000,Adventure
faith: the unholy trinity,2022,Adventure
tales of symphonia,2003,RPG
final fantasy vii,2012,RPG
the dark pictures anthology: man of medan,2019,Adventure
saya no uta,2003,Visual Novel
river city girls,2019,Adventure
sonic origins,2022,Adventure
kuru kuru kururin,2001,Arcade
pikmin 2,2004,Adventure
wonderful everyday: down the rabbit-hole,2010,Adventure
paper mario: the origami king,2020,Adventure
conker's bad fur day,2001,Adventure
fire emblem: radiant dawn,2007,RPG
need for speed: heat,2019,Adventure
skate 3,2010,Sport
braid,2008,Adventure
metro 2033,2010,RPG
another pokémon game,2023,Adventure
super mario party,2018,Card & Board Game
kentucky route zero,2013,Adventure
the legend of zelda: twilight princess hd,2016,Adventure
we love katamari,2005,Adventure
serial experiments lain,1998,Adventure
kirby's dream land 2,1995,Platform
harvestella,2022,Adventure
dishonored: death of the outsider,2017,Adventure
life is strange 2,2018,Adventure
banjo-tooie,2000,Adventure
the legend of zelda: oracle of ages,2001,Adventure
lobotomy corporation,2018,Indie
saints row 2,2008,Adventure
castlevania: bloodlines,1994,Adventure
tiny tina's wonderlands,2022,Adventure
utawarerumono: mask of truth,2016,Adventure
hitman world of assassination,2023,Adventure
just cause 2,2010,Adventure
lies of p,2023,RPG
final fantasy v,1992,Adventure
jet set radio future,2002,Music
overcooked!,2016,Arcade
shin megami tensei iv: apocalypse,2016,Adventure
muse dash,2018,Indie
fire emblem: genealogy of the holy war,1996,RPG
judas,2025,Adventure
half-life: opposing force,1999,Platform
bloodborne psx,2022,Adventure
prototype,2009,Adventure
pokémon gold,1999,Adventure
valheim,2021,Adventure
your turn to die: death game by majority,2017,Adventure
gal guardians: demon purge,2023,Adventure
mortal shell,2020,Indie
kingdom come: deliverance,2018,Adventure
live a live,1994,RPG
sleeping dogs: definitive edition,2014,Adventure
resident evil 4: ultimate hd edition,2014,Adventure
lego builder's journey,2019,Adventure
guilty gear xrd: rev 2,2017,Fighting
super kiwi 64,2022,Adventure
infamous 2,2011,Adventure
fallout 3: game of the year edition,2009,Adventure
melatonin,2022,Arcade
gungrave g.o.r.e,2022,Adventure
like a dragon gaiden: the man who erased his name,2023,Adventure
garten of banban,2023,Adventure
hitman: blood money,2006,Shooter
professor layton and the unwound future,2008,Point-and-Click
the dark pictures anthology: the devil in me,2022,Adventure
donkey kong country: tropical freeze,2018,Platform
fire emblem: thracia 776,1999,RPG
moonlighter,2018,Adventure
pikmin 3,2013,Adventure
five nights at freddy's 4,2015,Adventure
chaos;head noah,2009,Adventure
nier: automata - the end of yorha edition,2022,Adventure
phoenix wright: ace attorney - spirit of justice,2016,Adventure
crysis,2007,Adventure
fallout shelter,2015,RPG
sonic and the secret rings,2007,Platform
ftl: faster than light,2012,Indie
mario party 2,1999,Card & Board Game
attack of the friday monsters! a tokyo tale,2013,Adventure
animal crossing,2001,Simulator
fire emblem fates: revelation,2015,RPG
bloodstained: curse of the moon,2018,Adventure
final fantasy xiii-2,2011,Adventure
agar.io,2015,Indie
fatal frame ii: crimson butterfly,2003,Adventure
world of warcraft,2004,Adventure
the legend of heroes: trails of cold steel ii,2014,Adventure
gang beasts,2017,Fighting
armored core 3,2002,Shooter
star wars: the force unleashed ii,2010,Adventure
fortnite,2017,Adventure
fall guys,2020,Indie
it takes two,2021,Adventure
bioshock,2007,Adventure
metal gear solid,1998,Adventure
yakuza: like a dragon,2020,Adventure
animal crossing: new horizons,2020,Simulator
bioshock infinite,2013,Adventure
mirror's edge,2008,Adventure
bayonetta 2,2014,Brawler
sonic generations,2011,Adventure
shin megami tensei: nocturne,2003,RPG
death's door,2021,Adventure
devil may cry 3: dante's awakening - special edition,2006,Adventure
assassin's creed iv black flag,2013,Adventure
crisis core: final fantasy vii - reunion,2022,RPG
metroid prime,2002,Adventure
sonic the hedgehog 2,1992,Adventure
metal gear solid 4: guns of the patriots,2008,Adventure
atomic heart,2023,Adventure
minecraft,2017,Adventure
resident evil 5,2009,Adventure
the world ends with you,2007,Arcade
a hat in time,2017,Adventure
scorn,2022,Adventure
fire emblem: awakening,2012,Adventure
cuphead: the delicious last course,2022,Adventure
ori and the will of the wisps,2020,Adventure
mass effect,2007,RPG
return of the obra dinn,2018,Adventure
kingdom hearts iii,2019,Adventure
fallout 3,2008,RPG
uncharted: drake's fortune,2007,Adventure
"zero escape: nine hours, nine persons, nine doors",2009,Adventure
lost judgment,2021,Adventure
super mario 3d land,2011,Platform
gris,2018,Adventure
silent hill 3,2003,Adventure
call of duty: modern warfare 2,2009,Shooter
the walking dead: season one,2012,Adventure
mario kart ds,2005,Racing
apex legends,2019,Shooter
devil may cry 2,2003,Adventure
the legend of zelda: ocarina of time 3d,2011,Adventure
twelve minutes,2021,Adventure
demon's souls,2009,Adventure
persona 3 portable,2009,Adventure
rayman legends,2013,Adventure
uncharted 2: among thieves,2009,Adventure
monster hunter: world,2018,Adventure
milk inside a bag of milk inside a bag of milk,2020,Adventure
the legend of zelda: a link between worlds,2013,Adventure
final fantasy xiv: endwalker,2021,Adventure
the legend of zelda: the minish cap,2004,Adventure
pokémon go,2016,RPG
night in the woods,2017,Adventure
shin megami tensei iv,2013,RPG
kingdom hearts ii,2005,Adventure
castlevania: aria of sorrow,2003,Adventure
halo: reach,2010,Shooter
grand theft auto: vice city,2002,Adventure
a short hike,2019,Adventure
the legend of zelda: tears of the kingdom,2023,Adventure
assassin's creed iii,2012,Adventure
castlevania,1986,Adventure
milk outside a bag of milk outside a bag of milk,2021,Adventure
lisa,2014,Adventure
crash bandicoot,1996,Platform
the legend of zelda: the wind waker hd,2013,Adventure
the outer worlds,2019,Adventure
the legend of zelda: majora's mask 3d,2015,Adventure
the callisto protocol,2022,Adventure
the wolf among us,2013,Adventure
dead space 2,2011,Adventure
super mario bros. 2,1988,Adventure
until dawn,2015,Adventure
kid icarus: uprising,2012,Brawler
chained echoes,2022,Adventure
bioshock remastered,2016,Adventure
sonic unleashed,2008,Adventure
yakuza 5 remastered,2019,Adventure
metal gear solid 3: subsistence,2005,Adventure
super mario world 2: yoshi's island,1995,Platform
devil may cry 4,2008,Adventure
donut county,2018,Adventure
assassin's creed origins,2017,Adventure
ghostwire: tokyo,2022,Adventure
yakuza 4 remastered,2019,Adventure
call of duty: modern warfare ii,2022,Shooter
crash bandicoot 4: it's about time,2020,Platform
grand theft auto iii,2001,Adventure
dead by daylight,2016,Indie
abzu,2016,Adventure
batman: arkham origins,2013,Adventure
splatoon 2,2017,Platform
pokémon heartgold,2009,Adventure
kena: bridge of spirits,2021,Adventure
final fantasy viii,1999,Adventure
the elder scrolls iv: oblivion,2006,Adventure
the silver case,2016,Adventure
marvel's spider-man remastered,2020,Adventure
alan wake,2010,Adventure
a way out,2018,Adventure
lego batman: the video game,2008,Adventure
borderlands 3,2019,RPG
dragon ball fighterz,2018,Fighting
ico,2001,Adventure
shin megami tensei iii: nocturne - hd remaster,2020,RPG
the witness,2016,Adventure
animal crossing: new leaf,2012,Simulator
wo long: fallen dynasty,2023,Adventure
final fantasy vii remake intergrade,2021,Adventure
sonic adventure 2,2001,Adventure
destiny 2,2017,Adventure
kirby's dream land,1992,Platform
mario kart 8,2014,Arcade
xenoblade chronicles,2010,Adventure
the forgotten city,2021,Adventure
untitled goose game,2019,Adventure
sonic adventure 2: battle,2001,Adventure
saints row: the third,2011,Adventure
call of duty: black ops iii,2015,Adventure
pokémon red,1996,Adventure
tinykin,2022,Adventure
dragon's dogma: dark arisen,2013,Adventure
brawlhalla,2014,Arcade
pokémon unite,2021,MOBA
black mesa,2020,Adventure
the messenger,2018,Adventure
jet set radio,2012,Platform
pathologic 2,2019,Adventure
tactics ogre: reborn,2022,RPG
hyper light drifter,2016,Adventure
left 4 dead,2008,Shooter
the 25th ward: the silver case,2018,Adventure
darkest dungeon,2016,Adventure
roblox,2006,Adventure
the last guardian,2016,Adventure
drakengard 3,2013,Adventure
half-life 2: episode one,2006,Shooter
assassin's creed revelations,2011,Adventure
half-life 2: episode two,2007,Puzzle
mega man,1987,Adventure
powerwash simulator,2021,Indie
cave story,2004,Adventure
final fantasy xiv: shadowbringers,2019,RPG
days gone,2019,Adventure
tom clancy's rainbow six siege,2015,Shooter
trek to yomi,2022,Adventure
sonic cd,1993,Platform
mario kart: double dash!!,2003,Racing
rayman origins,2011,Adventure
klonoa phantasy reverie series,2022,Adventure
hitman 2,2018,Adventure
max payne 3,2012,Shooter
catherine: full body,2019,Adventure
kirby: planet robobot,2016,Adventure
battlefield 1,2016,Shooter
kirby’s return to dream land deluxe,2023,Adventure
persona 2: eternal punishment,2000,Adventure
star wars battlefront ii,2017,Adventure
super paper mario,2007,Adventure
the great ace attorney 2: resolve,2017,Adventure
bugsnax,2020,Adventure
star wars: battlefront ii,2005,Shooter
pokémon shield,2019,Adventure
super castlevania iv,1991,Adventure
brothers: a tale of two sons,2013,Adventure
call of duty: modern warfare,2019,Shooter
goldeneye 007,1997,Shooter
"warioware, inc.: mega microgames!",2003,Arcade
evil west,2022,Adventure
gravity rush 2,2017,Adventure
metroid prime 2: echoes,2004,Adventure
the forest,2018,Adventure
crosscode,2018,Adventure
sekiro: shadows die twice - goty edition,2020,Adventure
saints row iv,2013,Adventure
fallout 2,1998,RPG
chrono cross,1999,RPG
fire emblem: path of radiance,2005,RPG
kingdom hearts final mix,2002,RPG
professor layton and the curious village,2007,Point-and-Click
ys viii: lacrimosa of dana,2016,Adventure
hotel dusk: room 215,2007,Adventure
postal 2,2003,Adventure
fez,2012,Adventure
marvel's midnight suns,2022,RPG
streets of rage 4,2020,Arcade
shin megami tensei: persona,2009,RPG
kirby's return to dream land,2011,Adventure
bioshock 2 remastered,2016,RPG
god of war: chains of olympus,2008,Adventure
splatoon,2015,Platform
nickelodeon all-star brawl,2021,Arcade
the great ace attorney: adventures,2015,Adventure
sonic rush,2005,Platform
chrono trigger,2008,Adventure
street fighter v,2016,Arcade
somerville,2022,Adventure
bully: scholarship edition,2008,Adventure
borderlands: the pre-sequel,2014,RPG
star wars jedi: survivor,2023,Adventure
alice: madness returns,2011,Adventure
super mario 3d all-stars,2020,Adventure
s.t.a.l.k.e.r.: shadow of chernobyl,2007,RPG
jojo’s bizarre adventure: all-star battle r,2022,Adventure
geometry dash,2013,Adventure
mario + rabbids sparks of hope,2022,Adventure
back 4 blood,2021,Shooter
half-life: alyx,2020,Adventure
hyper demon,2022,Indie
mortal kombat,2011,Fighting
resident evil,1996,Adventure
call of duty: ghosts,2013,Shooter
ridge racer type 4,1998,Racing
lil gator game,2022,Adventure
oxenfree,2016,Adventure
overcooked! 2,2018,Arcade
before your eyes,2021,Adventure
sly cooper and the thievius raccoonus,2002,Adventure
nobody saves the world,2022,Adventure
crazy taxi,1999,Arcade
chrono cross: the radical dreamers edition,2022,Adventure
spore,2008,Adventure
dwarf fortress,2022,Indie
klonoa 2: lunatea's veil,2001,Adventure
pokémon blue,1996,Adventure
planescape: torment,1999,RPG
far cry 3: blood dragon,2013,Adventure
battleblock theater,2013,Adventure
the beginner's guide,2015,Adventure
we love katamari reroll + royal reverie,2023,Adventure
naruto shippuden: ultimate ninja storm 4,2016,Adventure
mega man 3,1990,Adventure
ni no kuni: wrath of the white witch,2011,Adventure
fortnite: chapter 4,2022,RPG
danganronpa another episode: ultra despair girls,2015,Adventure
the artful escape,2021,Adventure
dishonored: definitive edition,2013,Adventure
pac-man world re-pac,2022,Adventure
ib,2022,Adventure
castlevania: circle of the moon,2001,Adventure
higurashi: when they cry,2002,Adventure
life is strange: before the storm,2017,Adventure
darkwood,2017,Adventure
beyond good & evil,2003,Adventure
metroid ii: return of samus,1991,Adventure
shenmue,1999,Adventure
project zomboid,2013,Indie
crash team racing,1999,Racing
carrion,2020,Adventure
gears of war 2,2008,Shooter
phoenix wright: ace attorney - dual destinies,2013,Adventure
the legend of zelda: oracle of seasons,2001,Adventure
wild hearts,2023,Adventure
god of war: ascension,2013,Adventure
xenosaga episode iii: also sprach zarathustra,2006,Adventure
kirby's dream land 3,1997,Adventure
castlevania: harmony of dissonance,2002,Adventure
shantae and the pirate's curse,2014,Adventure
happy wheels,2010,Adventure
guilty gear xx accent core plus r,2012,Arcade
fire emblem fates: birthright,2015,RPG
final fantasy iv,1991,RPG
devil may cry 5: special edition,2020,Brawler
castlevania iii: dracula's curse,1990,Adventure
gloomwood,2022,Adventure
call of duty: advanced warfare,2014,Shooter
the legend of heroes: trails of cold steel,2013,Adventure
metal gear solid 3: snake eater hd edition,2011,Adventure
mario kart: super circuit,2001,Racing
pokémon shining pearl,2021,Adventure
pubg: battlegrounds,2017,Shooter
earthblade,2024,Adventure
rule of rose,2006,Adventure
lollipop chainsaw,2012,Brawler
pokémon leafgreen,2004,Adventure
bowser's fury,2021,Adventure
zeroranger,2018,Arcade
labyrinth of galleria: the moon society,2020,Adventure
street fighter ii,1991,Arcade
resident evil: revelations,2012,Adventure
shin megami tensei,1992,RPG
tomb raider,1996,Adventure
fifa 23,2022,Simulator
battlefield: bad company 2,2010,Adventure
the walking dead: a new frontier,2016,Adventure
ninja gaiden black,2005,Adventure
sid meier's civilization v,2010,Simulator
world of horror,2020,Adventure
fire emblem: shadow dragon,2008,RPG
tomodachi life,2013,Adventure
downwell,2015,Adventure
spongebob squarepants: battle for bikini bottom,2003,Adventure
lego harry potter: years 1-4,2010,Adventure
dragon quest v: hand of the heavenly bride,2008,RPG
fear & hunger,2018,Indie
for honor,2017,Brawler
sonic lost world,2013,Adventure
bug fables: the everlasting sapling,2019,Adventure
hyrule warriors: age of calamity,2020,Adventure
lego batman 3: beyond gotham,2014,Adventure
moonscars,2022,Adventure
the witcher 3: wild hunt - hearts of stone,2015,Adventure
remnant: from the ashes,2019,Adventure
halo 5: guardians,2015,Shooter
hearthstone,2014,Card & Board Game
ultimate spider-man,2005,Brawler
chop goblins,2022,Indie
secret of mana,1993,RPG
428: shibuya scramble,2008,Adventure
potion craft,2021,Indie
mega man legends,1997,Adventure
xenoblade chronicles: future connected,2020,RPG
crab game,2021,Arcade
neet girl date night,2022,Visual Novel
dante's inferno,2010,Adventure
haunting ground,2005,Adventure
assassin's creed rogue,2014,Adventure
garten of banban 2,2023,Adventure
pokémon stadium,1999,RPG
outlast ii,2017,Adventure
ni no kuni ii: revenant kingdom,2018,Adventure
metal gear,1987,Adventure
disney's aladdin,1993,Adventure
fable ii,2008,Adventure
celeste: farewell,2019,Platform
axiom verge 2,2021,Adventure
lightning returns: final fantasy xiii,2013,RPG
yakuza 2,2006,Adventure
f-zero x,1998,Arcade
chibi-robo!,2005,Adventure
super mario sunshine,2020,Adventure
rimworld,2018,Indie
professor layton and the miracle mask,2011,Point-and-Click
mega man x5,2000,Adventure
tokyo necro,2016,Adventure
disney dreamlight valley,2022,Adventure
mega man 7,1995,Adventure
figment,2017,Adventure
"flower, sun, and rain: murder and mystery in paradise",2008,Adventure
professor layton vs. phoenix wright: ace attorney,2012,Adventure
metal gear solid: the twin snakes,2004,Adventure
the simpsons game,2007,Platform
mega man zero 2,2003,Adventure
gears 5,2019,Adventure
crash of the titans,2007,Adventure
alan wake remastered,2021,Adventure
final fantasy xv: royal edition,2018,Adventure
the witcher,2007,Adventure
final fantasy iii,2006,Adventure
snatcher,1992,Adventure
hello charlotte ep.3: childhood's end,2018,Adventure
star wars: battlefront,2004,Shooter
ikaruga,2001,Arcade
diablo iv,2023,Brawler
ys: the oath in felghana,2005,Adventure
american mcgee's alice,2000,Adventure
call of duty,2003,Shooter
clash of clans,2012,Real Time Strategy
fate/stay night,2004,Adventure
tabletop simulator,2015,Card & Board Game
duskers,2016,Indie
control: ultimate edition,2020,Adventure
advance wars,2001,Simulator
touhou koumakyou: the embodiment of scarlet devil,2002,Indie
weird west,2022,Adventure
pokémon mystery dungeon: blue rescue team,2005,Adventure
warioware gold,2018,Arcade
dragon ball: xenoverse,2015,Fighting
call of duty: black ops 4,2018,Shooter
bloodborne: game of the year edition,2015,RPG
ape out,2019,Adventure
warioware: smooth moves,2006,Puzzle
puyo puyo tetris,2014,Puzzle
prince of persia: warrior within,2004,Adventure
kentucky route zero: tv edition,2020,Adventure
factorio,2020,Indie
scott pilgrim vs. the world: the game - complete edition,2021,Adventure
monster hunter 4 ultimate,2014,Adventure
fruit ninja classic,2010,Arcade
doom,2017,Shooter
tom clancy's the division,2016,Adventure
crysis 2,2011,Adventure
resident evil 4: wii edition,2007,Adventure
nuclear throne,2015,Adventure
super hexagon,2012,Arcade
condemned: criminal origins,2005,Adventure
playstation all-stars battle royale,2012,Fighting
dragon quest,2004,Adventure
pac-man in a tin,2023,Arcade
mount & blade: warband,2010,Adventure
monster hunter generations ultimate,2017,Brawler
the jackbox party pack 3,2016,Indie
digimon world: next order,2016,Adventure
odin sphere: leifthrasir,2016,RPG
bulletstorm,2011,Shooter
the witcher 2: assassins of kings,2011,Adventure
pokémon añil,2023,RPG
animal crossing: city folk,2008,Simulator
microsoft minesweeper,1990,Puzzle
sonic 3d blast,1996,Platform
mario party 4,2002,Card & Board Game
mario party 3,2000,Card & Board Game
peggle,2007,Puzzle
plague inc: evolved,2015,Indie
star wars: episode iii - revenge of the sith,2005,Adventure
prince of persia,2008,Adventure
system shock,1994,RPG
sonic rush adventure,2007,Platform
destroy all humans!,2005,Adventure
marvel vs. capcom: clash of super heroes,1998,Fighting
the world ends with you: final remix,2018,Adventure
ristar,1995,Adventure
crash team racing nitro-fueled,2019,Arcade
mega man x6,2001,Adventure
slender: the eight pages,2012,Adventure
mark of the ninja,2012,Adventure
octodad: dadliest catch,2014,Adventure
dragon ball z: budokai tenkaichi,2005,Fighting
the king of fighters xv,2022,Fighting
killing floor 2,2016,Shooter
ape escape 3,2005,Platform
the simpsons arcade game,1991,Arcade
toy story 2: buzz lightyear to the rescue!,1999,Adventure
rayman raving rabbids,2006,Adventure
prototype 2,2012,Adventure
madworld,2009,Brawler
call of duty 3,2006,Shooter
shadow warrior,2013,Adventure
warcraft iii: the frozen throne,2003,Real Time Strategy
yakuza 4,2010,Adventure
megami ibunroku persona,1996,RPG
persona 4 arena,2012,Adventure
scribblenauts,2009,Puzzle
rock band 2,2008,Music
armored core 4,2006,Fighting
rez infinite,2016,Music
plants vs. zombies 2: it's about time,2013,Adventure
cadence of hyrule: crypt of the necrodancer featuring the legend of zelda,2019,Adventure
100% orange juice,2009,Card & Board Game
tekken 6,2007,Fighting
mortal kombat 3,1995,Fighting
pokémon mystery dungeon: explorers of time,2007,Adventure
chulip,2002,Adventure
crash nitro kart,2003,Racing
bubble bobble,1986,Arcade
shantae: half-genie hero,2016,Adventure
snake,1997,Arcade
tales of vesperia,2008,RPG
mega man x8,2004,Adventure
fire emblem: new mystery of the emblem,2010,RPG
mario & luigi: superstar saga + bowser's minions,2017,Adventure
suikoden,1995,RPG
binary domain,2012,Shooter
shin megami tensei: devil survivor,2009,RPG
jojo's bizarre adventure: eyes of heaven,2015,Arcade
audiosurf,2008,Indie
better call saul kart,2022,Racing
the secret of monkey island,1990,Adventure
resistance: fall of man,2006,Adventure
sniper elite 4,2017,Adventure
metal gear solid hd collection,2011,Adventure
the simpsons: road rage,2001,Racing
melty blood actress again current code,2010,Arcade
path of exile,2013,Adventure
machinarium,2009,Adventure
guacamelee!,2013,Adventure
tales of zestiria,2015,RPG
black,2006,Shooter
mario super sluggers,2008,Sport
worms armageddon,1999,Platform
street fighter ii turbo,1993,Fighting
tekken 4,2001,Fighting
legacy of kain: soul reaver,1999,Adventure
mega man x7,2003,Adventure
final fantasy i & ii: dawn of souls,2004,RPG
mega man zx,2006,Platform
metal gear 2: solid snake,1990,Adventure
the missing: j.j. macfield and the island of memories,2018,Adventure
silent hill 2: restless dreams,2001,Adventure
friday the 13th: the game,2017,Indie
quake ii,1997,Shooter
nba jam,1993,Sport
final fantasy x hd remaster,2013,Adventure
mario vs. donkey kong,2004,Platform
kenshi,2018,Indie
remember me,2013,Adventure
alpha protocol,2010,RPG
indivisible,2019,Adventure
jazzpunk,2014,Adventure
need for speed: hot pursuit,2010,Racing
the house in fata morgana: a requiem for innocence,2015,Adventure
phantom brigade,2023,Indie
altered beast,1988,Brawler
broken age,2014,Adventure
telling lies,2019,Indie
saints row: gat out of hell,2015,Adventure
ratchet & clank: size matters,2007,Adventure
mario hoops 3-on-3,2006,Sport
mario power tennis,2004,Sport
keep talking and nobody explodes,2015,Card & Board Game
the swapper,2013,Adventure
ms. pac-man,1982,Arcade
gun,2005,Adventure
naruto: ultimate ninja 3,2005,Fighting
the ultimate doom,1995,Shooter
superman: the new superman adventures,1999,Adventure
ruiner,2017,Adventure
the lord of the rings: the two towers,2002,Adventure
dragon quest ii: luminaries of the legendary line,2005,RPG
chivalry: medieval warfare,2012,Brawler
fifa 14,2013,Sport
bit.trip runner,2010,Arcade
pokémon pinball: ruby & sapphire,2003,Adventure
fifa 13,2012,Simulator
la-mulana,2012,Adventure
the warriors,2005,Brawler
mortal kombat xl,2016,Fighting
anonymous;code,2022,Adventure
higurashi no naku koro ni: chapter 2 - watanagashi,2002,Adventure
aokana: four rhythms across the blue,2016,Adventure
shantae and the seven sirens,2020,Adventure
mega man zx advent,2007,Adventure
slither.io,2016,Arcade
twisted metal,1995,Fighting
dragon age: origins - awakening,2010,RPG
parasite eve ii,1999,RPG
the jackbox party pack,2014,Indie
tom clancy's splinter cell: pandora tomorrow,2004,Shooter
payday: the heist,2011,Shooter
pokémon rumble blast,2011,Adventure
nicktoons unite!,2005,Adventure
ruined king: a league of legends story,2021,Adventure
picross s3,2019,Puzzle
lisa the joyful,2015,Adventure
the king of fighters '98,1998,Fighting
kingdoms of amalur: reckoning,2012,Brawler
grand theft auto,1997,Adventure
europa universalis iv,2013,Real Time Strategy
guitar hero 5,2009,Music
silent hill: homecoming,2008,Adventure
mighty no. 9,2016,Adventure
dragon ball gt: final bout,1997,Fighting
killzone 3,2011,Shooter
wwe smackdown vs. raw 2008,2007,Fighting
children of morta,2019,Adventure
the godfather,2006,Adventure
billy hatcher and the giant egg,2003,Platform
tekken tag tournament 2,2011,Fighting
bloons td 5,2011,Simulator
jojo's bizarre adventure,1999,Fighting
another world,1991,Adventure
back to the future: the game,2010,Adventure
team sonic racing,2019,Arcade
dragon's dogma,2012,Brawler
baldur's gate 3,2020,Adventure
the lego movie videogame,2014,Adventure
